beta,m0,mpi,Delta_mpi
6.9,-0.92,0.38649,0.00051
6.9,-0.924,0.33880,0.00120
7.05,-0.835,0.43800,0.00100
7.05,-0.85,0.33076,0.00097
7.05,-0.867,0.14810,0.00090
7.2,-0.76,0.45700,0.00130
7.2,-0.78,0.36963,0.00039
7.2,-0.794,0.2532,0.0007
7.4,-0.74,0.21330,0.00050
7.4,-0.75,0.14230,0.00050
